img,price,text,store
,369.00,可移动拖把架 墩布架 落地式收纳整理架子 加厚钢管清洁工具挂架 可沥水的挂钩学校酒店单位多规格可选 银灰色10挂12钩,
,10.00,10元商品免邮 十元牙刷架卫生间浴室收纳架厨房置物架桌面杂物收纳居家生活,小虎家纺专营店
,17.82,创意家居家庭懒人生活厨房,欧科弘家居专营店
,5.88,居家生活,锋谦家居专营店
,21.00,家用挂扣 拖把扣奇特创意家居神器家庭生活实用,意哲礼品专营店
,30.20,厕所卫生间拖把架壁挂墙上免打孔拖把扣挂钩免钉勾挂架墙壁挂式家居,汇琪家居日用专营店
,360.00,科洛/CROR 综合急救箱含药套装 学校工厂企业医疗应急箱药箱套装 铝合金医药箱带药品 小型急救箱 ZE-L-006A 套装,
,9.80,抖音同款 洗碗布清洁神器 居家家居厨房生活,如材家居专营店
,24.90,久梨沙2个装冰箱收纳盒保鲜盒密封盒,久梨沙旗舰店
,26.00,家居用品创意懒人居家生活,强泰家居专营店
,26.00,家居用品厨房用具家庭实用百货日常生活小商品居家,易佳智礼品专营店
,11.80,创意抖音宿舍家用小东西居家家居生活,炫祺家居专营店
,63.00,温度计 室内电子多功能温湿度计 高精度家用办公婴儿房温度湿度计 触摸屏夜光灯带时间日历,
,23.00,创意家庭浴室,博亿卡家居专营店
,30.00,森活sovo硅藻泥肥皂盒浴室加厚沥水皂托创意吸水香皂盒卫生间洗漱台置物架家居,森活SOVO官方旗舰店
,49.90,佳帮手地垫 硅藻泥地垫浴室卫生间吸水速干防滑垫 客厅卧室卫浴厨房速干硅藻土门垫防滑脚垫 硅藻泥地垫【魔力灰 大号升级版】,佳帮手家居专营店
,10.00,浴室卫生间厨房门后墙上壁挂强力无痕粘胶吸盘粘勾 吸盘隐形挂钩贴 相框拖把衣服衣架挂钩钩子 10个装,塘德日用品专营店
,23.00,小麦儿童成人环保便携卡通带盖牙刷盒刷牙杯子出差旅行洗漱套装 小熊造型户外便携,佐咖家居专营店
,29.80,皮质纸巾盒 办公室客厅卧室桌面抽纸盒定制logo 大号小号欧式简约皮革餐巾纸盒子 大号黑平纹纸巾盒,
,12.08,2019新品高清双面台式化妆镜不锈钢放大镜梳妆镜 小镜子办公室寝室桌旋转,青鸾家居专营店
,40.00,家居用品生活小百货家庭创意家用实用居家,庐轩家居用品专营店
,12.00,免钉不锈钢6连钩置物架 免钉不锈钢杆魔力无痕贴厨卫六连挂钩瓷砖墙角厨卫,祥迈家居专营店
,6.00,家柏饰（CORATED） 百货,芃程家居专营店
,28.00,商务公司年会礼品定制logo送客户伴手礼活动纪念品实用奖励员工福利奖品家居,艺品格礼品专营店
,25.90,贝瑟斯 拖把架免打孔,
,33.00,创意居家居懒人生活日常卫生间用具家庭用小东西,语霖吟家装软饰专营店
,54.90,佳帮手 浴室防滑垫大号硅藻泥地垫浴缸卫生间厕所洗澡淋浴垫家居用品地毯防滑垫 大理石 大号,沐易清洁专营店
,1.07,创意家居生活,森欧家居专营店
,26.00,天蝎1000W热水瓶暖瓶开水壶热热得快学生 热的快 自动断电烧水器 电热棒烧热水加热棒,塘德日用品专营店
,10.00,10元商品免邮 十元洗碗手套厨房挂钩收纳小置物架装饰品用具生活,小虎家纺专营店
