img,name
https://up.enterdesk.com/edpic_360_360/3e/02/8c/3e028c75fcb3a1cc2dac1d50f193a101.jpg,高清美女壁纸1
https://up.enterdesk.com/edpic_360_360/fc/a3/e4/fca3e437db9396c36c650d56d9344b31.jpg,高清美女壁纸2
https://up.enterdesk.com/edpic_360_360/c4/d3/99/c4d3991dd576e9ecf52350037b5b4ade.jpg,高清美女壁纸3
https://up.enterdesk.com/edpic_360_360/e6/da/9f/e6da9f74915963c84ee7d5b0fa666c9f.jpg,高清美女壁纸4
https://up.enterdesk.com/edpic_360_360/31/61/e3/3161e3590cbbb79ed7b1b7075c8e7c74.jpg,高清美女壁纸5
https://up.enterdesk.com/edpic_360_360/3c/1a/69/3c1a6976fafcbb78f0757ca8b02e8016.jpg,高清美女壁纸6
https://up.enterdesk.com/edpic_360_360/5d/8b/63/5d8b6309a4d5e78cc2f0f3f4e1a8073b.jpg,高清美女壁纸7
https://up.enterdesk.com/edpic_360_360/5c/ef/7c/5cef7cf333474cb5ee1ad7574ab450d5.jpg,高清美女壁纸8
https://up.enterdesk.com/edpic_360_360/28/b5/33/28b53322509d7678d423bc22a458f770.jpg,高清美女壁纸9
https://up.enterdesk.com/edpic_360_360/ee/23/b8/ee23b83cb620540a924c9482bde7021b.jpg,高清美女壁纸10
https://up.enterdesk.com/edpic_360_360/3e/75/be/3e75be66a4d1540b2f386e8b178a31ad.jpg,高清美女壁纸11
https://up.enterdesk.com/edpic_360_360/2f/99/40/2f994049c46f958ab07d34967d64b298.jpg,高清美女壁纸12
https://up.enterdesk.com/edpic_360_360/51/4b/86/514b86b343465f0489830015bd556cd7.jpg,高清美女壁纸13
https://up.enterdesk.com/edpic_360_360/49/6a/ca/496aca282d4fb49243c5ffb901f184a2.jpg,高清美女壁纸14
https://up.enterdesk.com/edpic_360_360/ae/37/ef/ae37efedec37bb6109ead49b5daf30dc.jpg,高清美女壁纸15
https://up.enterdesk.com/edpic_360_360/94/e5/85/94e58522471ac1e51fdd4487e6ede67c.jpg,高清美女壁纸16
https://up.enterdesk.com/edpic_360_360/0f/d2/67/0fd267576e91a83a96a6f82ee847edf6.jpg,高清美女壁纸17
https://up.enterdesk.com/edpic_360_360/30/25/8c/30258c32239f39f47ce782f70f241167.jpg,高清美女壁纸18
https://up.enterdesk.com/edpic_360_360/44/83/0d/44830d8a61c1f9a4b9fa340efec96799.jpg,高清美女壁纸19
https://up.enterdesk.com/edpic_360_360/48/fa/6b/48fa6bf488daf0454fda557588da53ae.jpg,高清美女壁纸20
